"name","nhan_hien_thi","nhom","thu_tu"
"dgtbdat","Đạt","assessment","1"
"dgtbkhongdat","Không đạt","assessment","2"
"tthnoibieumoactinh","ÂM TÍNH VỚI TỔN THƯƠNG NỘI BIỂU MÔ HOẶC ÁC TÍNH","negative","3"
"bdoitbkhongu","CÁC BIẾN ĐỔI TẾ BÀO KHÔNG U","non_neoplastic","4"
"dsvay","Dị sản vảy","non_neoplastic","5"
"bdsung","Biến đổi sừng","non_neoplastic","6"
"tbttucung","Tế bào tuyến sau cắt tử cung","non_neoplastic","7"
"cboxteo","Teo","non_neoplastic","8"
"lqnoitiet","Liên quan đến nội tiết","non_neoplastic","9"
"cbvisinhvat","VIÊM DO VI SINH VẬT","infection","10"
"TVaginalis","T. Vaginalis","infection","11"
"cbVaginalis","G. Vaginalis","infection","12"
"Actinomyces","Actinomyces","infection","13"
"namCandida","Nấm Candida","infection","14"
"Herpessimplex","Herpes simplex virus","infection","15"
"cbHPV","HPV","infection","16"
"tuyennoimac","TẾ BÀO TUYẾN NỘI MẠC NGOÀI KỲ KINH Ở PHỤ NỮ ≥ 45 TUỔI","endometrial","17"
"btgbieumo","BẤT THƯỜNG BIỂU MÔ","epithelial","18"
"btgbieumovay","BẤT THƯỜNG BIỂU MÔ VẢY","squamous","19"
"btgmotuyen","BẤT THƯỜNG BIỂU MÔ TUYẾN","glandular","20"
"btgbieumovay1","TB biểu mô vảy không điển hình (ASCUS)","squamous","21"
"btgmotuyen1","TB biểu mô tuyến không điển hình (AGUS)","glandular","22"
"btgbieumovay2","TB biểu mô vảy không điển hình, chưa loại trừ HSIL (ASC-H","squamous","23"
"btgmotuyen2","TB tuyến không điển hình liên quan tân sản","glandular","24"
"btgbieumovay3","Tổn thương tế bào nội biểu mô vảy độ thấp (LSIL)","squamous","25"
"btgmotuyen3","Ung thư tế bào biểu mô tuyến tại chỗ","glandular","26"
"btgbieumovay4","Tổn thương tế bào nội biểu mô vảy độ cao (HSIL)","squamous","27"
"btgmotuyen4","Ung thư tế bào biểu mô tuyến","glandular","28"
"btgbieumovay5","Tổn thương HSIL với các đặc điểm nghi ngờ xâm nhập","squamous","29"
"btgmotuyen5","Khác","glandular","30"
"btgbieumovay6","Ung thư tế bào biểu mô vảy","squamous","31"
"Uactinhkhac","U ÁC TÍNH KHÁC","other","32"
